INSERT INTO oblig_3.ansatt (ansatt_id, brukernavn, fornavn, etternavn, dato_ansettelse, stilling, mandeslonn, avdeling, deltatt_prosjekter, arbeidstimer) VALUES (11, 'LL', 'test', 'testerseen', '2021-04-08', 'Pham', 120000, 2, 2, 0);
INSERT INTO oblig_3.ansatt (ansatt_id, brukernavn, fornavn, etternavn, dato_ansettelse, stilling, mandeslonn, avdeling, deltatt_prosjekter, arbeidstimer) VALUES (14, 'qq', 'test', 'testerseen', '2021-04-05', 'Pham', 120000, 2, 2, 150);
INSERT INTO oblig_3.ansatt (ansatt_id, brukernavn, fornavn, etternavn, dato_ansettelse, stilling, mandeslonn, avdeling, deltatt_prosjekter, arbeidstimer) VALUES (2, 'PP', 'Pham', 'Huan', '2021-01-05', 'crewmate', 10, 1, 2, 300);
INSERT INTO oblig_3.ansatt (ansatt_id, brukernavn, fornavn, etternavn, dato_ansettelse, stilling, mandeslonn, avdeling, deltatt_prosjekter, arbeidstimer) VALUES (1, 'TT', 'Tommy', 'Tran', '2021-01-01', 'Elev', 100000, 3, 5, 300);
INSERT INTO oblig_3.ansatt (ansatt_id, brukernavn, fornavn, etternavn, dato_ansettelse, stilling, mandeslonn, avdeling, deltatt_prosjekter, arbeidstimer) VALUES (20, 'test', 'test', 'test', '2021-04-08', 'test', 1, 1, 1, 100);
INSERT INTO oblig_3.ansatt (ansatt_id, brukernavn, fornavn, etternavn, dato_ansettelse, stilling, mandeslonn, avdeling, deltatt_prosjekter, arbeidstimer) VALUES (4, 'Ha', 'Claussen', 'Ritchman', '2018-02-04', 'Account Executive', 399887, 3, 5, 300);
INSERT INTO oblig_3.ansatt (ansatt_id, brukernavn, fornavn, etternavn, dato_ansettelse, stilling, mandeslonn, avdeling, deltatt_prosjekter, arbeidstimer) VALUES (12, 'xx', 'Karl', 'Petersen', '2021-04-05', 'taper', 120000, 2, 2, 100);
INSERT INTO oblig_3.ansatt (ansatt_id, brukernavn, fornavn, etternavn, dato_ansettelse, stilling, mandeslonn, avdeling, deltatt_prosjekter, arbeidstimer) VALUES (5, 'Pa', 'Arbon', 'Connikie', '2017-05-13', 'Speech Pathologist', 173987, 2, 4, 250);
INSERT INTO oblig_3.ansatt (ansatt_id, brukernavn, fornavn, etternavn, dato_ansettelse, stilling, mandeslonn, avdeling, deltatt_prosjekter, arbeidstimer) VALUES (10, 'Ab', 'Povall', 'Basilio', '2020-10-22', 'Account Executive', 793560, 1, 5, 250);
INSERT INTO oblig_3.ansatt (ansatt_id, brukernavn, fornavn, etternavn, dato_ansettelse, stilling, mandeslonn, avdeling, deltatt_prosjekter, arbeidstimer) VALUES (18, 'FF', 'test', 'testerseen', '2021-04-08', 'Pham', 120000, 2, 2, 300);
INSERT INTO oblig_3.ansatt (ansatt_id, brukernavn, fornavn, etternavn, dato_ansettelse, stilling, mandeslonn, avdeling, deltatt_prosjekter, arbeidstimer) VALUES (15, '23', 'test', 'testerseen', '2021-04-05', 'Pham', 120000, 3, 2, 250);
INSERT INTO oblig_3.ansatt (ansatt_id, brukernavn, fornavn, etternavn, dato_ansettelse, stilling, mandeslonn, avdeling, deltatt_prosjekter, arbeidstimer) VALUES (3, 'Ul', 'Stanyland', 'Perelli', '2020-06-08', 'teacher', 1000, 2, 2, 300);
INSERT INTO oblig_3.ansatt (ansatt_id, brukernavn, fornavn, etternavn, dato_ansettelse, stilling, mandeslonn, avdeling, deltatt_prosjekter, arbeidstimer) VALUES (22, 'FX', 'Test', 'TEST', '2021-04-09', 'stilling', 10000, 2, 5, 0);
INSERT INTO oblig_3.ansatt (ansatt_id, brukernavn, fornavn, etternavn, dato_ansettelse, stilling, mandeslonn, avdeling, deltatt_prosjekter, arbeidstimer) VALUES (9, 'Al', 'Insworth', 'Syphus', '2020-04-12', 'Software Test Engineer I', 256816, 7, 4, 300);
INSERT INTO oblig_3.ansatt (ansatt_id, brukernavn, fornavn, etternavn, dato_ansettelse, stilling, mandeslonn, avdeling, deltatt_prosjekter, arbeidstimer) VALUES (6, 'Ak', 'Gerring', 'Brompton', '2016-12-02', 'Executive Secretary', 233639, 9, 5, 250);
INSERT INTO oblig_3.ansatt (ansatt_id, brukernavn, fornavn, etternavn, dato_ansettelse, stilling, mandeslonn, avdeling, deltatt_prosjekter, arbeidstimer) VALUES (8, 'Ge', 'Piens', 'Caulkett', '2019-01-20', 'Chemical Engineer', 869295, 8, 5, 250);


INSERT INTO oblig_3.avdeling (avdeling_id, navn, sjef) VALUES (2, 'Kontor', 5);
INSERT INTO oblig_3.avdeling (avdeling_id, navn, sjef) VALUES (3, 'Kjeller', 1);
INSERT INTO oblig_3.avdeling (avdeling_id, navn, sjef) VALUES (1, 'Resepsjon', 2);
INSERT INTO oblig_3.avdeling (avdeling_id, navn, sjef) VALUES (8, 'Vei', 8);
INSERT INTO oblig_3.avdeling (avdeling_id, navn, sjef) VALUES (7, 'Skog', 9);
INSERT INTO oblig_3.avdeling (avdeling_id, navn, sjef) VALUES (9, 'Kontor2', 6);

INSERT INTO oblig_3.prosjekt (prosjekt_id, navn, beskrivelse) VALUES (2, 'test', 'test');
INSERT INTO oblig_3.prosjekt (prosjekt_id, navn, beskrivelse) VALUES (13, 'Economy', 'project about money');
INSERT INTO oblig_3.prosjekt (prosjekt_id, navn, beskrivelse) VALUES (1, 'Utviklingsprosjektet', 'prosjekt om noe annet');
INSERT INTO oblig_3.prosjekt (prosjekt_id, navn, beskrivelse) VALUES (3, 'Trivselsprosjektet', 'morsomt prosjekt');
INSERT INTO oblig_3.prosjekt (prosjekt_id, navn, beskrivelse) VALUES (4, 'Synergiprosjektet', 'prosjekt om noe');
INSERT INTO oblig_3.prosjekt (prosjekt_id, navn, beskrivelse) VALUES (16, 'test', 'tester om det virker');

INSERT INTO oblig_3.prosjektdeltagelse (prosjektdeltagelse_id, ansatt_id, prosjekt_id, timer, ansatt_rolle) VALUES (12, 4, 1, 300, 'lerling');
INSERT INTO oblig_3.prosjektdeltagelse (prosjektdeltagelse_id, ansatt_id, prosjekt_id, timer, ansatt_rolle) VALUES (11, 8, 2, 250, 'arbeider');
INSERT INTO oblig_3.prosjektdeltagelse (prosjektdeltagelse_id, ansatt_id, prosjekt_id, timer, ansatt_rolle) VALUES (13, 6, 2, 150, 'arbeider');
INSERT INTO oblig_3.prosjektdeltagelse (prosjektdeltagelse_id, ansatt_id, prosjekt_id, timer, ansatt_rolle) VALUES (14, 5, 2, 200, 'arbeider');
INSERT INTO oblig_3.prosjektdeltagelse (prosjektdeltagelse_id, ansatt_id, prosjekt_id, timer, ansatt_rolle) VALUES (9, 9, 2, 150, 'manager');
INSERT INTO oblig_3.prosjektdeltagelse (prosjektdeltagelse_id, ansatt_id, prosjekt_id, timer, ansatt_rolle) VALUES (8, 2, 1, 100, 'assistent');
INSERT INTO oblig_3.prosjektdeltagelse (prosjektdeltagelse_id, ansatt_id, prosjekt_id, timer, ansatt_rolle) VALUES (15, 3, 2, 10, 'arbeider');
INSERT INTO oblig_3.prosjektdeltagelse (prosjektdeltagelse_id, ansatt_id, prosjekt_id, timer, ansatt_rolle) VALUES (10, 3, 1, 200, 'sjef');
INSERT INTO oblig_3.prosjektdeltagelse (prosjektdeltagelse_id, ansatt_id, prosjekt_id, timer, ansatt_rolle) VALUES (7, 1, 1, 50, 'hjelper');
INSERT INTO oblig_3.prosjektdeltagelse (prosjektdeltagelse_id, ansatt_id, prosjekt_id, timer, ansatt_rolle) VALUES (16, 2, 2, 100, 'arbeidet');